{
  "reality_map_version": "v9.4",
  "total_nodes": 3847,
  "generated": "2026-04-09T16:28:36",
  "n6_constants": [
    6,
    12,
    4,
    2,
    5,
    24,
    1
  ],
  "seed": 20260409,
  "n_trials": 10000,
  "variants": {
    "small_tight": {
      "label": "SMALL_TIGHT 1..12",
      "n_targets": 1129,
      "n6_hits": 1129,
      "n6_reach": 12,
      "z_hit": 0.39946774732653584,
      "z_eff": -0.21499348456056377,
      "z_sm": 0.40977060706932744,
      "best_z": 0.40977060706932744,
      "p_hit": 0.7368,
      "mean": 1093.929,
      "std": 87.79432190637388
    },
    "core_tag": {
      "label": "CORE_TAG thread+EXACT",
      "n_targets": 680,
      "n6_hits": 652,
      "n6_reach": 51,
      "z_hit": 1.1523511264399369,
      "z_eff": 1.8798877597142039,
      "z_sm": 1.4029745981479567,
      "best_z": 1.8798877597142039,
      "p_hit": 0.0044,
      "mean": 540.2665,
      "std": 96.96133186868877
    },
    "full": {
      "label": "FULL 1..10^4",
      "n_targets": 1988,
      "n6_hits": 1388,
      "n6_reach": 51,
      "z_hit": 1.0156779098729243,
      "z_eff": 1.915813324646651,
      "z_sm": 1.456392962633798,
      "best_z": 1.915813324646651,
      "p_hit": 0.1329,
      "mean": 1205.2103,
      "std": 179.96817516969492
    }
  }
}