{
  "reality_map_version": "v9.4",
  "reality_map_total_nodes": 3847,
  "generated": "2026-04-09T16:02:43",
  "script": "monte_carlo_n6_v9_3.py",
  "seed": 20260409,
  "n_trials": 10000,
  "random_set_size": 7,
  "random_range": [
    1,
    30
  ],
  "previous_v5.0": {
    "natural_big_z": 3.06,
    "engineering_z": 1.75
  },
  "target_z_gt": 5.0,
  "results": {
    "full": {
      "label": "FULL (1..10^4)",
      "n_targets": 1988,
      "max_result": 10000,
      "match_mode": "exact",
      "match_tol": 0.0,
      "n6_constants": [
        6,
        12,
        4,
        2,
        5,
        24,
        1
      ],
      "n6_reachable_size": 51,
      "n6_hits": 1388,
      "n6_hit_rate": 0.6981891348088531,
      "n_trials": 10000,
      "random_mean": 1205.2103,
      "random_std": 179.96817516969492,
      "random_min": 283,
      "random_max": 1519,
      "z_score": 1.0156779098729243,
      "p_value": 0.1329,
      "count_ge": 1329,
      "efficiency": {
        "n6_efficiency": 27.215686274509803,
        "random_mean": 20.534182363209002,
        "random_std": 3.487554776524547,
        "z_score": 1.915813324646651,
        "p_value": 0.0459
      },
      "size_matched": {
        "n_matched": 2469,
        "size_tolerance": 5,
        "random_mean": 1145.886593762657,
        "random_std": 166.24181278622476,
        "z_score": 1.456392962633798,
        "p_value": 0.02754151478331308
      }
    },
    "natural_big": {
      "label": "NATURAL_BIG (100..10^9, log±0.01)",
      "n_targets": 521,
      "max_result": 1000000000,
      "match_mode": "log_tol",
      "match_tol": 0.01,
      "n6_constants": [
        6,
        12,
        4,
        2,
        5,
        24,
        1
      ],
      "n6_reachable_size": 65,
      "n6_hits": 46,
      "n6_hit_rate": 0.08829174664107485,
      "n_trials": 10000,
      "random_mean": 60.6222,
      "random_std": 24.111409480990527,
      "random_min": 5,
      "random_max": 155,
      "z_score": -0.606443186638598,
      "p_value": 0.6972,
      "count_ge": 6972,
      "efficiency": {
        "n6_efficiency": 0.7076923076923077,
        "random_mean": 0.8281868856587822,
        "random_std": 0.2965712799972153,
        "z_score": -0.406292133100703,
        "p_value": 0.597
      },
      "size_matched": {
        "n_matched": 2671,
        "size_tolerance": 6,
        "random_mean": 55.384500187195805,
        "random_std": 20.79219281442205,
        "z_score": -0.45134730477713014,
        "p_value": 0.6248596031448895
      }
    }
  },
  "passed_target": {
    "full_hit_z_gt_5": false,
    "full_best_z": 1.915813324646651,
    "natural_big_hit_z_gt_5": false,
    "natural_big_best_z": -0.406292133100703
  }
}