{
  "ts": "2026-04-15",
  "n_signals_with_date": 385,
  "n_bt_files_with_date": 105,
  "n_weeks": 4,
  "weeks": [
    "2026-W13",
    "2026-W14",
    "2026-W15",
    "2026-W16"
  ],
  "signal_per_week": [
    5,
    65,
    87,
    228
  ],
  "bt_per_week": [
    0,
    1,
    45,
    59
  ],
  "cross_correlation_lag": {
    "-3": null,
    "-2": 1.0,
    "-1": 0.9944677318880627,
    "0": 0.8540651949123417,
    "1": 0.9995861823530027,
    "2": 1.0,
    "3": null
  }
}