{"gue_chi2":15.148,"poi_chi2":9.99995,"score":0.397644,"verdict":"mixed","n_bins":50}
