{"gue_chi2":19.5862,"poi_chi2":9.55457,"score":0.327876,"verdict":"mixed","n_bins":50}
