{"gue_chi2":138.42,"poi_chi2":9.93394,"score":0.0669613,"verdict":"Poisson","n_bins":50}
