{"gue_chi2":44.1296,"poi_chi2":8.61437,"score":0.163324,"verdict":"Poisson","n_bins":50}
