{"gue_chi2":11.1148,"poi_chi2":8.33396,"score":0.42851,"verdict":"mixed","n_bins":50}
