{
  "timestamp": "2026-04-15",
  "agent": "agent-a3c8f82a",
  "benchmark": "bench_train_step_tensor.hexa",
  "port_source": "training/nn_core.hexa (list-backed)",
  "tensor_primitive": "self/ml/tensor.hexa (commit 431a968)",
  "blas_backend": "hxblas_sgemm → cblas_sgemm (Accelerate)",
  "config": {"d": 16, "ff": 32, "nl": 2, "vocab": 32, "seq": 8, "rank": 4, "steps": 500, "lr": 0.1},
  "steps_completed": 500,
  "total_s": 233,
  "first_10_step_ms": [1000, 0, 0, 1000, 0, 1000, 0, 0, 1000, 0],
  "loss_trajectory": [3.46574, 3.46574, 3.46574, 3.46574, 3.46574, 3.46574, 3.46574, 3.46574, 3.46574, 3.46574, 3.46574, 3.46574, 3.46574, 3.46574, 3.46574, 3.46574, 3.46574, 3.46574, 3.46574, 3.46574, 3.46574, 3.46574, 3.46574, 3.46574, 3.46574, 3.46574, 3.46574, 3.46574, 3.46574, 3.46574, 3.46574, 3.46574, 3.46574, 3.46574, 3.46574, 3.46574, 3.46574, 3.46574, 3.46574, 3.46574, 3.46574, 3.46574, 3.46574, 3.46574, 3.46574, 3.46574, 3.46574, 3.46574, 3.46574, 3.46574, 3.46574],
  "mean_step_ms": 466,
  "median_step_ms": 0,
  "p90_step_ms": 1000,
  "baseline_ms": 1000,
  "speedup_vs_baseline": void,
  "loss_first": 3.46574,
  "loss_final": 3.46574,
  "loss_delta": 0,
  "ceiling_ln_period": 2.07944,
  "loss_gap_from_ceiling": 1.38629,
  "semantic_equiv_within_5pct": 0,
  "any_nan": 0,
  "any_inf": 0,
  "stable": 0
}
