{
  "total_records": 35976,
  "breakthrough_ratio": 0.9987491661107405,
  "max_d": 1,
  "meta_fixed_point_target": 0.3333333333333333,
  "distribution": {
    "(1,10)": 35931,
    "(0,0)": 34,
    "(0,8)": 11
  },
  "source": "auto-synced from verified_constants.jsonl"
}