{
  "timestamp": "2026-04-01 03:28:31",
  "experiment_1_stability": {
    "r_tension_phi": {
      "class": "FUNDAMENTAL",
      "present_ratio": 1.0,
      "mean_abs_r": 0.2824802393678808,
      "std_r": 0.05109904137486156,
      "min_abs_r": 0.20114765638555687,
      "values": [
        0.2993251020729424,
        0.377591196213386,
        0.3469849906451196,
        0.23962658311181623,
        0.25137773969632526,
        0.2375914706468797,
        0.26689724923654623,
        0.29286871852689833,
        0.31139168714333765,
        0.20114765638555687
      ]
    },
    "r_tstd_phi": {
      "class": "FUNDAMENTAL",
      "present_ratio": 1.0,
      "mean_abs_r": 0.3804737181735621,
      "std_r": 0.041722149563426326,
      "min_abs_r": 0.300208678590109,
      "values": [
        0.3857603373930595,
        0.44353465886100835,
        0.4205955567229763,
        0.34181593924064835,
        0.3574974884263894,
        0.3519438019659501,
        0.3791123697152743,
        0.3962030886276474,
        0.4280652621925582,
        0.300208678590109
      ]
    },
    "r_div_phi": {
      "class": "FUNDAMENTAL",
      "present_ratio": 1.0,
      "mean_abs_r": 0.4910713691930752,
      "std_r": 0.04157657709370736,
      "min_abs_r": 0.4243119875780622,
      "values": [
        -0.5663383916639919,
        -0.4856971453410106,
        -0.4243119875780622,
        -0.5086116610311531,
        -0.5159771388855583,
        -0.4384188520860015,
        -0.5057450078648342,
        -0.49767814215411393,
        -0.4447557008455385,
        -0.5231796644804879
      ]
    },
    "growth": {
      "class": "FUNDAMENTAL",
      "present_ratio": 1.0,
      "mean_abs_r": 4.890452064781114,
      "std_r": 0.6636034062866126,
      "min_abs_r": 3.5482697445680724,
      "values": [
        -4.8076143519691605,
        -4.969009251512112,
        -4.955995163177125,
        -5.831882882754365,
        -5.081986852509932,
        -3.8281824611181245,
        -5.394452720328978,
        -5.366294521726999,
        -5.120832698146264,
        -3.5482697445680724
      ]
    },
    "ac1": {
      "class": "EPHEMERAL",
      "present_ratio": 0.3,
      "mean_abs_r": 0.06852807080083115,
      "std_r": 0.04569059775910059,
      "min_abs_r": 0.0011417065755942495,
      "values": [
        0.0011417065755942495,
        -0.03121570046827312,
        -0.05383592802239191,
        -0.016294083839570823,
        -0.06734213983906064,
        -0.11594252896599373,
        -0.13758558140846902,
        -0.06594721128604192,
        -0.05775098339248189,
        -0.13822484421043413
      ]
    },
    "stabilization": {
      "class": "FUNDAMENTAL",
      "present_ratio": 1.0,
      "mean_abs_r": 130.4532432840875,
      "std_r": 34.446483224057175,
      "min_abs_r": 67.1557489620318,
      "values": [
        125.39922959601518,
        120.78752995438734,
        133.402328956997,
        151.91163944347346,
        133.42847590225927,
        171.67824051647793,
        194.19640691281103,
        106.69845708996958,
        99.87437550645276,
        67.1557489620318
      ]
    },
    "consensus": {
      "class": "FUNDAMENTAL",
      "present_ratio": 1.0,
      "mean_abs_r": 12.0,
      "std_r": 0.0,
      "min_abs_r": 12.0,
      "values": [
        12.0,
        12.0,
        12.0,
        12.0,
        12.0,
        12.0,
        12.0,
        12.0,
        12.0,
        12.0
      ]
    }
  },
  "experiment_2_interactions": {
    "baseline": {
      "phi": 0.9584146957293519,
      "r_tension_phi": 0.22669984387871253,
      "r_tstd_phi": 0.3474612606235179,
      "r_div_phi": -0.5357407038060638,
      "growth": -4.603101029595829,
      "ac1": -0.02125213272052274,
      "stabilization": 183.1266581195872,
      "cells": 32.0,
      "consensus": 12.0
    },
    "deltas_matrix": {
      "tension_eq": {
        "r_tension_phi": -0.2068411332112222,
        "r_tstd_phi": -0.1645813562060945,
        "r_div_phi": 0.06834832137309708,
        "growth": 0.14611311371681246,
        "ac1": -5.867324351946324,
        "stabilization": -0.8210345449982999,
        "consensus": 0.0
      },
      "symmetrize": {
        "r_tension_phi": 0.4406805046007461,
        "r_tstd_phi": 0.21226405819917626,
        "r_div_phi": 0.07208768570835349,
        "growth": -0.25175656442812955,
        "ac1": -0.9119955329053163,
        "stabilization": 0.15520840310266518,
        "consensus": 0.0
      },
      "pink_noise": {
        "r_tension_phi": 0.4930755810678386,
        "r_tstd_phi": 0.19549011298817529,
        "r_div_phi": 0.06873442463151479,
        "growth": -0.1687343460797882,
        "ac1": 3.809610567238622,
        "stabilization": -0.49432347013538985,
        "consensus": 0.0
      },
      "hebbian_boost": {
        "r_tension_phi": -0.05985923002331281,
        "r_tstd_phi": -0.08061474987291126,
        "r_div_phi": -0.08823014759682359,
        "growth": -0.06460128100016499,
        "ac1": -5.665556982587131,
        "stabilization": 0.431045404959436,
        "consensus": 0.0
      },
      "diversity_inject": {
        "r_tension_phi": 0.3329061766372602,
        "r_tstd_phi": 0.14433944419475783,
        "r_div_phi": 0.018104536289518736,
        "growth": 0.04520683950134319,
        "ac1": -2.782658430318889,
        "stabilization": -0.12589155920239664,
        "consensus": 0.0
      },
      "ratchet_tighten": {
        "r_tension_phi": -0.03996240021875802,
        "r_tstd_phi": -0.05675263967196586,
        "r_div_phi": 0.1446138613715351,
        "growth": 0.07261383994628591,
        "ac1": -8.95931675386996,
        "stabilization": 0.17801082640227714,
        "consensus": 0.0
      },
      "chaos_perturb": {
        "r_tension_phi": -0.17608960328358828,
        "r_tstd_phi": -0.10667949859199535,
        "r_div_phi": -0.008064197779313505,
        "growth": 0.12942242324696568,
        "ac1": -5.7797965919915475,
        "stabilization": -0.5690683702392042,
        "consensus": 0.0
      }
    },
    "synergies": [
      [
        "r_tension_phi",
        "r_tstd_phi",
        1.0
      ]
    ],
    "competitions": [
      [
        "r_tension_phi",
        "growth",
        -0.6
      ],
      [
        "r_tstd_phi",
        "growth",
        -0.6666666666666666
      ]
    ],
    "independent_count": 18
  },
  "experiment_3_emergence": {
    "emergence_map": {
      "r_tension_phi": {
        "2": -0.012616647088313886,
        "4": 0.051971332250452876,
        "8": 0.21689995827508488,
        "16": 0.3443865066903533,
        "32": 0.2773222841816302,
        "64": 0.28529842674773653
      },
      "r_tstd_phi": {
        "2": 0.08187014213323747,
        "4": 0.23680926502657684,
        "8": 0.37709676295275335,
        "16": 0.47524647653307095,
        "32": 0.36171371874144637,
        "64": 0.36833402186683445
      },
      "r_div_phi": {
        "2": -0.09918490292219731,
        "4": -0.21588202771701204,
        "8": -0.349194359569447,
        "16": -0.4379007912714019,
        "32": -0.5285713154117121,
        "64": -0.41775340933157146
      },
      "growth": {
        "2": -0.3793221780180442,
        "4": -2.6627220726205083,
        "8": -3.9840134420479103,
        "16": -5.697046461044437,
        "32": -4.260159481600243,
        "64": -4.727830081641411
      },
      "ac1": {
        "2": -0.04674229798092847,
        "4": -0.06197072138740933,
        "8": -0.03476214997842405,
        "16": 0.014770723407193213,
        "32": -0.11283502914277935,
        "64": -0.17402141854849074
      },
      "stabilization": {
        "2": 1.6531924747776974,
        "4": 29.092204891672687,
        "8": 75.24672311839181,
        "16": 114.07330534404734,
        "32": 107.90798826763049,
        "64": 21.74407568327151
      },
      "consensus": {
        "2": 0.0,
        "4": 0.0,
        "8": 0.0,
        "16": 4.0,
        "32": 12.0,
        "64": 12.0
      }
    },