{
  "meta": {
    "script": "monte_carlo_v6.hexa",
    "generated": "2026-04-09T19:39:01",
    "version": "v9.4",
    "total_nodes": 3847,
    "natural_targets": 1555,
    "unique_targets": 311,
    "n_trials": 1000,
    "seed": 20260409,
    "elapsed": 487.93231892585754
  },
  "origin_stats": {
    "convention": {
      "count": 272,
      "unique": 48,
      "n6_hits": 244,
      "rate": 0.8970588235294118
    },
    "derived": {
      "count": 3,
      "unique": 3,
      "n6_hits": 1,
      "rate": 0.3333333333333333
    },
    "engineering": {
      "count": 158,
      "unique": 84,
      "n6_hits": 94,
      "rate": 0.5949367088607594
    },
    "natural": {
      "count": 1555,
      "unique": 311,
      "n6_hits": 1049,
      "rate": 0.6745980707395498
    }
  },
  "n_comparison": {
    "2": {
      "label": "n=2(u)",
      "constants": [
        1,
        2,
        3
      ],
      "reach_size": 9,
      "hits": 9,
      "hit_rate": 0.028938906752411574,
      "eff": 1.0,
      "z_hit": -4.593790829697351,
      "p_hit": 1.0,
      "z_eff": 4.328548156803762,
      "p_eff": 0.0,
      "z_sm": 0.0,
      "p_sm": 1.0,
      "n_matched": 0,
      "bootstrap": {
        "eff": 1.0,
        "z_lo": 4.061994464964644,
        "z_hi": 4.629892867823112,
        "p_boot": 0.0
      },
      "mu_h": 43.385,
      "sig_h": 7.485103539698032,
      "mu_e": 0.734707131964285,
      "sig_e": 0.061289110904014885,
      "p_bonf": 0.0
    },
    "3": {
      "label": "n=3(u)",
      "constants": [
        1,
        2,
        3,
        4,
        8
      ],
      "reach_size": 25,
      "hits": 22,
      "hit_rate": 0.0707395498392283,
      "eff": 0.88,
      "z_hit": -2.8570079073164996,
      "p_hit": 0.995,
      "z_eff": 2.3706147126731643,
      "p_eff": 0.013,
      "z_sm": 0.0,
      "p_sm": 1.0,
      "n_matched": 12,
      "bootstrap": {
        "eff": 0.88,
        "z_lo": 2.20730799988869,
        "z_hi": 2.550012017518175,
        "p_boot": 0.0
      },
      "mu_h": 43.385,
      "sig_h": 7.485103539698032,
      "mu_e": 0.734707131964285,
      "sig_e": 0.061289110904014885,
      "p_bonf": 0.143
    },
    "4": {
      "label": "n=4(u)",
      "constants": [
        1,
        2,
        3,
        4,
        7,
        12
      ],
      "reach_size": 39,
      "hits": 34,
      "hit_rate": 0.10932475884244373,
      "eff": 0.8717948717948718,
      "z_hit": -1.2538236712726372,
      "p_hit": 0.9,
      "z_eff": 2.2367389216215,
      "p_eff": 0.015,
      "z_sm": 0.6434480617552247,
      "p_sm": 0.3333333333333333,
      "n_matched": 90,
      "bootstrap": {
        "eff": 0.8717948717948718,
        "z_lo": 2.080892238206634,
        "z_hi": 2.4087481369447037,
        "p_boot": 0.0
      },
      "mu_h": 43.385,
      "sig_h": 7.485103539698032,
      "mu_e": 0.734707131964285,
      "sig_e": 0.061289110904014885,
      "p_bonf": 0.16499999999999998
    },
    "5": {
      "label": "n=5(u)",
      "constants": [
        1,
        2,
        4,
        5,
        6,
        24
      ],
      "reach_size": 41,
      "hits": 34,
      "hit_rate": 0.10932475884244373,
      "eff": 0.8292682926829268,
      "z_hit": -1.2538236712726372,
      "p_hit": 0.9,
      "z_eff": 1.5428704923903096,
      "p_eff": 0.082,
      "z_sm": 0.460151374006815,
      "p_sm": 0.4166666666666667,
      "n_matched": 120,
      "bootstrap": {
        "eff": 0.8292682926829268,
        "z_lo": 1.4176604866519777,
        "z_hi": 1.6760394647347727,
        "p_boot": 0.0
      },
      "mu_h": 43.385,
      "sig_h": 7.485103539698032,
      "mu_e": 0.734707131964285,
      "sig_e": 0.061289110904014885,
      "p_bonf": 0.902
    },
    "6": {
      "label": "n=6(u)",
      "constants": [
        1,
        2,
        4,
        5,
        6,
        12,
        24
      ],
      "reach_size": 51,
      "hits": 40,
      "hit_rate": 0.12861736334405144,
      "eff": 0.7843137254901961,
      "z_hit": -0.45223155325070596,
      "p_hit": 0.701,
      "z_eff": 0.8093867376147794,
      "p_eff": 0.198,
      "z_sm": 0.2775798803543716,
      "p_sm": 0.4268292682926829,
      "n_matched": 246,
      "bootstrap": {
        "eff": 0.7843137254901961,
        "z_lo": 0.7142004901351613,
        "z_hi": 0.9088663709987483,
        "p_boot": 0.0
      },
      "mu_h": 43.385,
      "sig_h": 7.485103539698032,
      "mu_e": 0.734707131964285,
      "sig_e": 0.061289110904014885,
      "p_bonf": 1.0
    },
    "7": {
      "label": "n=7(u)",
      "constants": [
        1,
        2,
        6,
        7,
        8,
        48
      ],
      "reach_size": 39,
      "hits": 34,
      "hit_rate": 0.10932475884244373,
      "eff": 0.8717948717948718,
      "z_hit": -1.2538236712726372,
      "p_hit": 0.9,
      "z_eff": 2.2367389216215,
      "p_eff": 0.015,
      "z_sm": 0.6434480617552247,
      "p_sm": 0.3333333333333333,
      "n_matched": 90,
      "bootstrap": {
        "eff": 0.8717948717948718,
        "z_lo": 2.080892238206634,
        "z_hi": 2.4087481369447037,
        "p_boot": 0.0
      },
      "mu_h": 43.385,
      "sig_h": 7.485103539698032,
      "mu_e": 0.734707131964285,
      "sig_e": 0.061289110904014885,
      "p_bonf": 0.16499999999999998
    },
    "8": {
      "label": "n=8(u)",
      "constants": [
        1,
        4,
        6,
        8,
        15,
        48
      ],
      "reach_size": 52,
      "hits": 41,
      "hit_rate": 0.13183279742765272,
      "eff": 0.7884615384615384,
      "z_hit": -0.3186328669137174,
      "p_hit": 0.655,
      "z_eff": 0.8770629187530289,
      "p_eff": 0.185,
      "z_sm": 0.36872158376290654,
      "p_sm": 0.3897058823529412,
      "n_matched": 272,
      "bootstrap": {
        "eff": 0.7884615384615384,
        "z_lo": 0.7799968314488209,
        "z_hi": 0.9791412397451894,
        "p_boot": 0.0
      },
      "mu_h": 43.385,
      "sig_h": 7.485103539698032,
      "mu_e": 0.734707131964285,
      "sig_e": 0.061289110904014885,
      "p_bonf": 1.0
    },
    "9": {
      "label": "n=9(u)",
      "constants": [
        1,
        3,
        6,
        9,
        13,
        72
      ],
      "reach_size": 50,
      "hits": 41,
      "hit_rate": 0.13183279742765272,
      "eff": 0.82,
      "z_hit": -0.3186328669137174,
      "p_hit": 0.655,
      "z_eff": 1.391647990607865,
      "p_eff": 0.093,
      "z_sm": 0.7519758945428124,
      "p_sm": 0.26126126126126126,
      "n_matched": 222,
      "bootstrap": {
        "eff": 0.82,
        "z_lo": 1.2742461902444215,
        "z_hi": 1.5164454557832987,
        "p_boot": 0.0
      },
      "mu_h": 43.385,
      "sig_h": 7.485103539698032,
      "mu_e": 0.734707131964285,
      "sig_e": 0.061289110904014885,
      "p_bonf": 1.0
    },
    "10": {
      "label": "n=10(u)",
      "constants": [
        1,
        4,
        7,
        10,
        18,
        72
      ],
      "reach_size": 52,
      "hits": 42,
      "hit_rate": 0.13504823151125403,
      "eff": 0.8076923076923077,
      "z_hit": -0.18503418057672888,
      "p_hit": 0.611,
      "z_eff": 1.1908343040303688,
      "p_eff": 0.124,
      "z_sm": 0.6496523142489306,
      "p_sm": 0.3088235294117647,
      "n_matched": 272,
      "bootstrap": {
        "eff": 0.8076923076923077,
        "z_lo": 1.0832947991475697,
        "z_hi": 1.3058737976422532,
        "p_boot": 0.0
      },
      "mu_h": 43.385,
      "sig_h": 7.485103539698032,
      "mu_e": 0.734707131964285,
      "sig_e": 0.061289110904014885,
      "p_bonf": 1.0
    },
    "11": {
      "label": "n=11(u)",
      "constants": [
        1,
        2,
        10,
        11,
        12,
        120
      ],
      "reach_size": 41,
      "hits": 32,
      "hit_rate": 0.10289389067524116,
      "eff": 0.7804878048780488,
      "z_hit": -1.5210210439466143,
      "p_hit": 0.94,
      "z_eff": 0.7469625882721818,
      "p_eff": 0.218,
      "z_sm": -0.1972077317172071,
      "p_sm": 0.6666666666666666,
      "n_matched": 120,